{
    "loss": 0.1272642832018388,
    "mAP": 0.13980541390776213
}