{
    "loss": 0.09071801900863648,
    "mAP": 0.2766762917337398
}