{
    "loss": 0.22160066230297087,
    "mAP": 0.23527196197879519
}