{
    "loss": 0.18076227037073553,
    "mAP": 0.23833112259192554
}