{
    "loss": 1.4558452352881432,
    "mAP": 1.3619717864820487e-09
}